{
  "metadata": {
    "total_repositories": 1000,
    "analyzed_repositories": 750,
    "analysis_timestamp": "2025-09-20T20:52:57.921904"
  },
  "descriptive_statistics": {
    "process": {
      "stars": {
        "count": 750,
        "mean": 9611.672,
        "median": 5800.5,
        "std": 11548.890019391012,
        "min": 3415.0,
        "max": 151812.0,
        "q25": 4393.0,
        "q75": 9923.5,
        "skewness": 5.54613142554292,
        "kurtosis": 45.55336510693473
      },
      "forks": {
        "count": 750,
        "mean": 2414.0026666666668,
        "median": 1394.0,
        "std": 3958.6259645693613,
        "min": 128.0,
        "max": 54107.0,
        "q25": 787.75,
        "q75": 2484.0,
        "skewness": 7.109184146660906,
        "kurtosis": 70.89872343180919
      },
      "age_years": {
        "count": 750,
        "mean": 9.631106666666666,
        "median": 9.71,
        "std": 3.00668218456283,
        "min": 0.5,
        "max": 16.91,
        "q25": 7.9975000000000005,
        "q75": 11.6625,
        "skewness": -0.38991373503612226,
        "kurtosis": 0.18866976657502255
      },
      "size_kb": {
        "count": 750,
        "mean": 146875.49066666668,
        "median": 21939.5,
        "std": 536463.2058476602,
        "min": 76.0,
        "max": 7730448.0,
        "q25": 4287.75,
        "q75": 88778.5,
        "skewness": 9.788518028433247,
        "kurtosis": 114.96348106107465
      }
    },
    "quality": {
      "cbo_mean": {
        "count": 750,
        "mean": 9.162253333333334,
        "median": 9.34,
        "std": 2.220888061308668,
        "min": 2.0,
        "max": 14.66,
        "q25": 7.8025,
        "q75": 10.7375,
        "skewness": -0.3471768681086779,
        "kurtosis": -0.185341473600924
      },
      "dit_mean": {
        "count": 750,
        "mean": 5.5082933333333335,
        "median": 5.61,
        "std": 1.2895931482213585,
        "min": 1.75,
        "max": 8.58,
        "q25": 4.6325,
        "q75": 6.4475,
        "skewness": -0.24469151537162223,
        "kurtosis": -0.36252151231807694
      },
      "lcom_mean": {
        "count": 750,
        "mean": 3.7385466666666667,
        "median": 3.93,
        "std": 1.3917785088556676,
        "min": 0.1,
        "max": 7.29,
        "q25": 2.7225,
        "q75": 4.82,
        "skewness": -0.3610030029873427,
        "kurtosis": -0.4665565985422795
      },
      "total_classes": {
        "count": 750,
        "mean": 35695.278666666665,
        "median": 5237.0,
        "std": 121009.36334431732,
        "min": 5.0,
        "max": 1657609.0,
        "q25": 909.0,
        "q75": 20961.25,
        "skewness": 8.674904357693137,
        "kurtosis": 92.81894449726175
      },
      "loc_total": {
        "count": 750,
        "mean": 7355489.526666666,
        "median": 1036335.0,
        "std": 28478046.70775785,
        "min": 2707.0,
        "max": 398147759.0,
        "q25": 214433.5,
        "q75": 4189352.5,
        "skewness": 10.408981022375066,
        "kurtosis": 127.4232251057336
      }
    }
  },
  "correlation_analysis": {
    "stars": {
      "cbo_mean": {
        "spearman": {
          "correlation": -0.11589530584979817,
          "p_value": 0.0014760620814917016,
          "significant": true
        },
        "pearson": {
          "correlation": -0.1056633078923384,
          "p_value": 0.0037675485683031397,
          "significant": true
        },
        "kendall": {
          "correlation": -0.07677002625799147,
          "p_value": 0.001665604803045685,
          "significant": true
        },
        "sample_size": 750
      },
      "dit_mean": {
        "spearman": {
          "correlation": 0.018023322316291716,
          "p_value": 0.6221498412679102,
          "significant": false
        },
        "pearson": {
          "correlation": -0.02185265243684737,
          "p_value": 0.5501517884569765,
          "significant": false
        },
        "kendall": {
          "correlation": 0.012201170274616665,
          "p_value": 0.6174497367513435,
          "significant": false
        },
        "sample_size": 750
      },
      "lcom_mean": {
        "spearman": {
          "correlation": -0.185141163849966,
          "p_value": 3.289652720262814e-07,
          "significant": true
        },
        "pearson": {
          "correlation": -0.21004164327033706,
          "p_value": 6.3398205163335595e-09,
          "significant": true
        },
        "kendall": {
          "correlation": -0.12611703328286417,
          "p_value": 2.4312897656129874e-07,
          "significant": true
        },
        "sample_size": 750
      },
      "total_classes": {
        "spearman": {
          "correlation": 0.18831867166982194,
          "p_value": 2.044238792417629e-07,
          "significant": true
        },
        "pearson": {
          "correlation": 0.09305588790462319,
          "p_value": 0.010780817501290741,
          "significant": true
        },
        "kendall": {
          "correlation": 0.12588351342626405,
          "p_value": 2.489417529766169e-07,
          "significant": true
        },
        "sample_size": 750
      },
      "loc_total": {
        "spearman": {
          "correlation": 0.19389023407695605,
          "p_value": 8.702882254243084e-08,
          "significant": true
        },
        "pearson": {
          "correlation": 0.08285538632098695,
          "p_value": 0.023255784342997847,
          "significant": true
        },
        "kendall": {
          "correlation": 0.12945631455512138,
          "p_value": 1.125878756434436e-07,
          "significant": true
        },
        "sample_size": 750
      }
    },
    "forks": {
      "cbo_mean": {
        "spearman": {
          "correlation": -0.08592281858512,
          "p_value": 0.018596497627702636,
          "significant": true
        },
        "pearson": {
          "correlation": -0.0809114909799023,
          "p_value": 0.026705861497369043,
          "significant": true
        },
        "kendall": {
          "correlation": -0.056536252668027503,
          "p_value": 0.020592537122081717,
          "significant": true
        },
        "sample_size": 750
      },
      "dit_mean": {
        "spearman": {
          "correlation": 0.07413426994363387,
          "p_value": 0.042391341711068176,
          "significant": true
        },
        "pearson": {
          "correlation": 0.015183773855828758,
          "p_value": 0.6780283424239516,
          "significant": false
        },
        "kendall": {
          "correlation": 0.048856845353194095,
          "p_value": 0.045509404811309405,
          "significant": true
        },
        "sample_size": 750
      },
      "lcom_mean": {
        "spearman": {
          "correlation": -0.1783654886234341,
          "p_value": 8.830047618980392e-07,
          "significant": true
        },
        "pearson": {
          "correlation": -0.19356159525257188,
          "p_value": 9.15889671502303e-08,
          "significant": true
        },
        "kendall": {
          "correlation": -0.11974240834057968,
          "p_value": 9.499548938199572e-07,
          "significant": true
        },
        "sample_size": 750
      },
      "total_classes": {
        "spearman": {
          "correlation": 0.20322271391335553,
          "p_value": 1.9668268704118098e-08,
          "significant": true
        },
        "pearson": {
          "correlation": 0.09119009679591686,
          "p_value": 0.012476048627538767,
          "significant": true
        },
        "kendall": {
          "correlation": 0.13581719690942715,
          "p_value": 2.6169347646185592e-08,
          "significant": true
        },
        "sample_size": 750
      },
      "loc_total": {
        "spearman": {
          "correlation": 0.21608390618804588,
          "p_value": 2.2505997254789392e-09,
          "significant": true
        },